ts_code,period,start,end,observations,total_return,cagr,max_drawdown,median_amount,name,matched_index_name,list_date
159901.SZ,1Y,2025-08-22,2026-08-24,242,0.14714023027527245,0.14638959562484088,-0.16234846684097926,273096.11100000003,易方达深证100ETF,深证100指数,20060424.0
159901.SZ,3Y,2023-08-25,2026-08-24,725,0.3685481066281422,0.11032759203711584,-0.23673905304378784,138772.944,易方达深证100ETF,深证100指数,20060424.0
159901.SZ,5Y,2021-08-25,2026-08-24,1210,-0.04859724438390012,-0.009920844577560262,-0.4704865398863918,115381.5845,易方达深证100ETF,深证100指数,20060424.0
159901.SZ,10Y,2016-08-26,2026-08-24,2424,0.797591019691561,0.060441056106562474,-0.5284223523913523,113899.545,易方达深证100ETF,深证100指数,20060424.0
159902.SZ,1Y,2025-08-22,2026-08-24,242,0.14964430894308944,0.14888009017269765,-0.1638815039878465,8737.4985,华夏中小企业100ETF,中小企业100指数,20060905.0
159902.SZ,3Y,2023-08-25,2026-08-24,725,0.3658315725928163,0.10959194447781884,-0.2734646581691772,6964.358,华夏中小企业100ETF,中小企业100指数,20060905.0
159902.SZ,5Y,2021-08-25,2026-08-24,1210,-0.06061864230849068,-0.012437325493751317,-0.5019857029388404,6653.614,华夏中小企业100ETF,中小企业100指数,20060905.0
159902.SZ,10Y,2016-08-26,2026-08-24,2425,0.3560083907701528,0.030944525419619895,-0.5305129165106701,17198.862,华夏中小企业100ETF,中小企业100指数,20060905.0
159915.SZ,1Y,2025-08-22,2026-08-24,242,0.2986476333583772,0.29703040583674456,-0.2559726962457337,5003568.6064,易方达创业板ETF,创业板指数,20111209.0
159915.SZ,3Y,2023-08-25,2026-08-24,725,0.7363134103465594,0.20207274249688,-0.33719193427931293,2736028.699,易方达创业板ETF,创业板指数,20111209.0
159915.SZ,5Y,2021-08-25,2026-08-24,1210,0.06664609688367773,0.012996414331862827,-0.5579133510167993,1578264.029,易方达创业板ETF,创业板指数,20111209.0
159915.SZ,10Y,2016-08-26,2026-08-24,2424,0.6501193317422431,0.05139627382816281,-0.5658465991316932,958524.922,易方达创业板ETF,创业板指数,20111209.0
159928.SZ,1Y,2025-08-22,2026-08-24,242,-0.22535211267605626,-0.22440833220908274,-0.32247191011235965,435535.941,汇添富中证主要消费ETF,中证主要消费指数,20130916.0
159928.SZ,3Y,2023-08-25,2026-08-24,725,-0.2895586652314317,-0.1077726957976175,-0.37318087318087323,270644.294,汇添富中证主要消费ETF,中证主要消费指数,20130916.0
159928.SZ,5Y,2021-08-25,2026-08-24,1210,-0.36720997123681676,-0.08751717097033296,-0.516051364365971,199239.521,汇添富中证主要消费ETF,中证主要消费指数,20130916.0
159928.SZ,10Y,2016-08-26,2026-08-24,2425,0.8106995884773665,0.06121236344373315,-0.5996680497925311,105297.762,汇添富中证主要消费ETF,中证主要消费指数,20130916.0
159929.SZ,1Y,2025-08-22,2026-08-24,242,-0.11855324849296722,-0.11802269883863015,-0.268987341772152,75649.73300000001,汇添富中证医药卫生ETF,中证医药卫生指数,20130916.0
159929.SZ,3Y,2023-08-25,2026-08-24,725,-0.07389162561576357,-0.025280490010773926,-0.29576547231270356,66504.2331,汇添富中证医药卫生ETF,中证医药卫生指数,20130916.0
159929.SZ,5Y,2021-08-25,2026-08-24,1210,-0.41012998655311517,-0.10025413265733873,-0.518699910952805,56962.713,汇添富中证医药卫生ETF,中证医药卫生指数,20130916.0
159929.SZ,10Y,2016-08-26,2026-08-24,2425,-0.08927335640138412,-0.009314007237828159,-0.606622998544396,30539.212,汇添富中证医药卫生ETF,中证医药卫生指数,20130916.0
159930.SZ,1Y,2025-08-22,2026-08-24,242,0.2876008804108583,0.2860497959214203,-0.2376751427088738,88267.4843,汇添富中证能源ETF,中证能源指数,20130916.0
159930.SZ,3Y,2023-08-25,2026-08-24,725,0.5012831479897346,0.1451467850108339,-0.26466836734693877,31080.271,汇添富中证能源ETF,中证能源指数,20130916.0
159930.SZ,5Y,2021-08-25,2026-08-24,1210,1.109375,0.16111480737352823,-0.2646683673469389,27009.395,汇添富中证能源ETF,中证能源指数,20130916.0
159930.SZ,10Y,2016-08-26,2026-08-24,2424,1.1882793017456357,0.08151754687661983,-0.4233954451345755,13264.938,汇添富中证能源ETF,中证能源指数,20130916.0
159938.SZ,1Y,2025-08-22,2026-08-24,242,-0.121751025991792,-0.12120717124630964,-0.26822916666666663,41993.8505,广发中证全指医药卫生ETF,中证全指医药卫生指数,20150108.0
159938.SZ,3Y,2023-08-25,2026-08-24,725,-0.055882352941176494,-0.018998503277323442,-0.29483695652173914,42079.74,广发中证全指医药卫生ETF,中证全指医药卫生指数,20150108.0
159938.SZ,5Y,2021-08-25,2026-08-24,1210,-0.35703555332999504,-0.08459956174455185,-0.4896755162241887,40474.866,广发中证全指医药卫生ETF,中证全指医药卫生指数,20150108.0
159938.SZ,10Y,2016-08-26,2026-08-24,2425,-0.025796661608497695,-0.0026118962135288637,-0.5601694915254236,24184.746,广发中证全指医药卫生ETF,中证全指医药卫生指数,20150108.0
159939.SZ,1Y,2025-08-22,2026-08-24,242,0.3428927680798004,0.3410061935714994,-0.3259109311740891,31767.834499999997,广发中证全指信息技术ETF,中证全指信息技术指数,20150205.0
159939.SZ,3Y,2023-08-25,2026-08-24,725,1.0791505791505789,0.2765403822385679,-0.325910931174089,30069.231,广发中证全指信息技术ETF,中证全指信息技术指数,20150205.0
159939.SZ,5Y,2021-08-25,2026-08-24,1210,0.46132971506105824,0.07887768720988797,-0.49090909090909096,27964.0225,广发中证全指信息技术ETF,中证全指信息技术指数,20150205.0
159939.SZ,10Y,2016-08-26,2026-08-24,2425,0.820794590025359,0.06180293513973156,-0.5319402985074626,22239.365,广发中证全指信息技术ETF,中证全指信息技术指数,20150205.0
159949.SZ,1Y,2025-08-22,2026-08-24,242,0.3157467532467533,0.3140262669109697,-0.2737588652482271,1939609.1290000002,华安创业板50ETF,创业板50指数,20160722.0
159949.SZ,3Y,2023-08-25,2026-08-24,725,0.871824480369515,0.2325859186201258,-0.34929810074318746,1021617.567,华安创业板50ETF,创业板50指数,20160722.0
159949.SZ,5Y,2021-08-25,2026-08-24,1210,0.1034717494894486,0.019901197050785413,-0.5846645367412141,792945.497,华安创业板50ETF,创业板50指数,20160722.0
159949.SZ,10Y,2016-08-26,2026-08-24,2425,0.7171610169491527,0.0555946610685496,-0.5899053627760252,626760.406,华安创业板50ETF,创业板50指数,20160722.0
510150.SH,1Y,2025-08-22,2026-08-24,242,-0.14974182444061956,-0.14908389029060165,-0.26384364820846906,44772.163,招商上证消费80ETF,上证消费80指数,20110225.0
510150.SH,3Y,2023-08-25,2026-08-24,725,-0.10990990990991001,-0.03809294393795082,-0.26384364820846906,40104.567,招商上证消费80ETF,上证消费80指数,20110225.0
510150.SH,5Y,2021-08-25,2026-08-24,1210,-0.33512786002691786,-0.07844057611008926,-0.4609665427509294,33959.5515,招商上证消费80ETF,上证消费80指数,20110225.0
510150.SH,10Y,2016-08-26,2026-08-24,2418,0.5552300547873725,0.045183633872464046,-0.5407897821712886,16647.6535,招商上证消费80ETF,上证消费80指数,20110225.0
510170.SH,1Y,2025-08-22,2026-08-24,242,0.3368022705771052,0.3349531878877543,-0.25317989097516647,16066.373,国联安上证大宗商品股票ETF,上证大宗商品股票指数,20110125.0
510170.SH,3Y,2023-08-25,2026-08-24,725,0.7773584905660378,0.21147755017535408,-0.25317989097516647,4461.39,国联安上证大宗商品股票ETF,上证大宗商品股票指数,20110125.0
510170.SH,5Y,2021-08-25,2026-08-24,1209,0.5734744838976054,0.09496164827894216,-0.3414553453585569,4506.503,国联安上证大宗商品股票ETF,上证大宗商品股票指数,20110125.0
510170.SH,10Y,2016-08-26,2026-08-24,2390,2.3196473867595824,0.12757356788183616,-0.3678665496049167,1460.0235,国联安上证大宗商品股票ETF,上证大宗商品股票指数,20110125.0
510230.SH,1Y,2025-08-22,2026-08-24,242,-0.08200138985406535,-0.08162678763529063,-0.16598360655737698,60624.692500000005,国泰上证180金融ETF,上证180金融股指数,20110523.0
510230.SH,3Y,2023-08-25,2026-08-24,725,0.34833007594412835,0.1048289387575776,-0.16598360655737698,46198.668,国泰上证180金融ETF,上证180金融股指数,20110523.0
510230.SH,5Y,2021-08-25,2026-08-24,1210,0.299047158454137,0.053757184146916215,-0.26625111308993776,47998.0415,国泰上证180金融ETF,上证180金融股指数,20110523.0
510230.SH,10Y,2016-08-26,2026-08-24,2424,0.6064604013894248,0.04857887291731222,-0.3536302253205652,38318.1915,国泰上证180金融ETF,上证180金融股指数,20110523.0
510300.SH,1Y,2025-08-22,2026-08-24,242,0.05989384559342592,0.05959990205854071,-0.09860538204674918,4063534.8975,华泰柏瑞沪深300ETF,沪深300指数,20120528.0
510300.SH,3Y,2023-08-25,2026-08-24,725,0.3102619016756878,0.09432460775058815,-0.16933459895586156,3833240.598,华泰柏瑞沪深300ETF,沪深300指数,20120528.0
510300.SH,5Y,2021-08-25,2026-08-24,1210,0.028888551592782363,0.0057160043176789355,-0.3487710362490346,2979530.766,华泰柏瑞沪深300ETF,沪深300指数,20120528.0
510300.SH,10Y,2016-08-26,2026-08-24,2425,0.638662166149166,0.05066347237017488,-0.42155347080635786,1874167.101,华泰柏瑞沪深300ETF,沪深300指数,20120528.0
510410.SH,1Y,2025-08-22,2026-08-24,242,0.365318711446196,0.36329296371963826,-0.2599156118143461,23643.992,博时上证自然资源ETF,上证自然资源指数,20120511.0
510410.SH,3Y,2023-08-25,2026-08-24,725,0.8564771668219944,0.22920565252701675,-0.2599156118143461,15669.175,博时上证自然资源ETF,上证自然资源指数,20120511.0
510410.SH,5Y,2021-08-25,2026-08-24,1210,0.7865470852017937,0.12314910629108655,-0.3111111111111111,18820.2465,博时上证自然资源ETF,上证自然资源指数,20120511.0
510410.SH,10Y,2016-08-26,2026-08-24,2424,1.920821114369501,0.11322353636525828,-0.41149943630214203,9926.164499999999,博时上证自然资源ETF,上证自然资源指数,20120511.0
510500.SH,1Y,2025-08-22,2026-08-24,242,0.1479973519568567,0.14724207050995175,-0.18775886594181246,2884212.2305,南方中证500ETF,中证小盘500指数,20130315.0
510500.SH,3Y,2023-08-25,2026-08-24,725,0.4417847635737733,0.12980395111042764,-0.23601752021563338,1842188.941,南方中证500ETF,中证小盘500指数,20130315.0
510500.SH,5Y,2021-08-25,2026-08-24,1210,0.16996058744121756,0.03191419085618308,-0.3947213062817094,1553831.466,南方中证500ETF,中证小盘500指数,20130315.0
510500.SH,10Y,2016-08-26,2026-08-24,2425,0.39938513416639143,0.03419806605019504,-0.3947213062817094,1170127.566,南方中证500ETF,中证小盘500指数,20130315.0
510630.SH,1Y,2025-08-22,2026-08-24,242,-0.16115702479338834,-0.1604538150878998,-0.2637913741223671,30127.155,华夏上证主要消费ETF,上证主要消费行业指数,20130508.0
510630.SH,3Y,2023-08-25,2026-08-24,725,-0.22666666666666668,-0.08216751854914284,-0.32968036529680356,21137.795,华夏上证主要消费ETF,上证主要消费行业指数,20130508.0
510630.SH,5Y,2021-08-25,2026-08-24,1210,-0.3560666137985725,-0.08432363957274525,-0.5083724045545881,14912.406500000001,华夏上证主要消费ETF,上证主要消费行业指数,20130508.0
510630.SH,10Y,2016-08-26,2026-08-24,2424,1.034688578680203,0.0736702628044954,-0.5694237373737374,9079.8555,华夏上证主要消费ETF,上证主要消费行业指数,20130508.0
510660.SH,1Y,2025-08-22,2026-08-24,242,-0.07247465264739006,-0.07214184254385414,-0.26585365853658527,4128.956,华夏上证医药卫生ETF,上证医药卫生行业指数,20130508.0
510660.SH,3Y,2023-08-25,2026-08-24,725,0.0555555555555558,0.018198359394435926,-0.29126984126984135,2886.482,华夏上证医药卫生ETF,上证医药卫生行业指数,20130508.0
510660.SH,5Y,2021-08-25,2026-08-24,1210,-0.25445215816480526,-0.057073949322379414,-0.483068017366136,2960.8514999999998,华夏上证医药卫生ETF,上证医药卫生行业指数,20130508.0
510660.SH,10Y,2016-08-26,2026-08-24,2425,0.6101694915254239,0.04882088946356222,-0.549899193548387,2297.788,华夏上证医药卫生ETF,上证医药卫生行业指数,20130508.0
510880.SH,1Y,2025-08-22,2026-08-24,242,0.10666792728413155,0.10613321065734005,-0.1375332741792369,515546.122,华泰柏瑞上证红利ETF,上证红利指数,20070118.0
510880.SH,3Y,2023-08-25,2026-08-24,725,0.3092365862347022,0.09403889150599132,-0.14056831922611857,412547.985,华泰柏瑞上证红利ETF,上证红利指数,20070118.0
510880.SH,5Y,2021-08-25,2026-08-24,1210,0.4465497700836012,0.07668494283549898,-0.19668065559779024,329989.966,华泰柏瑞上证红利ETF,上证红利指数,20070118.0
510880.SH,10Y,2016-08-26,2026-08-24,2425,1.020031021938283,0.07289375855559221,-0.2340296699969726,175456.696,华泰柏瑞上证红利ETF,上证红利指数,20070118.0
512010.SH,1Y,2025-08-22,2026-08-24,242,-0.1132075471698113,-0.11269936245809553,-0.29824561403508765,528959.35,易方达沪深300医药卫生ETF,沪深300医药卫生指数,20131028.0
512010.SH,3Y,2023-08-25,2026-08-24,725,-0.0806845965770171,-0.0276711523093518,-0.3101123595505618,511078.704,易方达沪深300医药卫生ETF,沪深300医药卫生指数,20131028.0
512010.SH,5Y,2021-08-25,2026-08-24,1210,-0.4566473988439306,-0.114925028190076,-0.5589080459770115,500062.1415,易方达沪深300医药卫生ETF,沪深300医药卫生指数,20131028.0
512010.SH,10Y,2016-08-26,2026-08-24,2423,0.139968944099379,0.013195375288482136,-0.663248595505618,238906.316,易方达沪深300医药卫生ETF,沪深300医药卫生指数,20131028.0
512070.SH,1Y,2025-08-22,2026-08-24,242,-0.16242038216560506,-0.1617122068311836,-0.2535211267605634,507499.7205,易方达沪深300非银行金融ETF,沪深300非银行金融指数,20140718.0
512070.SH,3Y,2023-08-25,2026-08-24,725,0.17761194029850746,0.05604788403548633,-0.26617179215270415,260158.548,易方达沪深300非银行金融ETF,沪深300非银行金融指数,20140718.0
512070.SH,5Y,2021-08-25,2026-08-24,1209,0.07174004576659043,0.013962780242395834,-0.3410076857386848,191023.028,易方达沪深300非银行金融ETF,沪深300非银行金融指数,20140718.0
512070.SH,10Y,2016-08-26,2026-08-24,2424,0.3831966922622563,0.032994582192593436,-0.4462289199856476,94412.78349999999,易方达沪深300非银行金融ETF,沪深300非银行金融指数,20140718.0
512120.SH,1Y,2025-08-22,2026-08-24,242,-0.0821643286573146,-0.0817890157234672,-0.2626641651031896,10509.5555,华安中证细分医药ETF,中证细分医药产业主题指数,20140106.0
512120.SH,3Y,2023-08-25,2026-08-24,725,0.01327433628318575,0.004408367213421194,-0.29376257545271633,11078.658,华安中证细分医药ETF,中证细分医药产业主题指数,20140106.0
512120.SH,5Y,2021-08-25,2026-08-24,1209,-0.34580184586986606,-0.08142077799141667,-0.5002528518859246,12337.403,华安中证细分医药ETF,中证细分医药产业主题指数,20140106.0
512120.SH,10Y,2016-08-26,2026-08-24,2402,0.035534989043097154,0.003500322607683959,-0.6007165380374863,6383.4,华安中证细分医药ETF,中证细分医药产业主题指数,20140106.0
512220.SH,1Y,2025-08-22,2026-08-24,242,0.5810293492131009,0.5775796967449298,-0.3544425254269814,16003.3385,景顺长城中证科技传媒通信150ETF,中证科技传媒通信150指数,20140819.0
512220.SH,3Y,2023-08-25,2026-08-24,725,1.639914772727273,0.38237611755553647,-0.3544425254269815,6136.51,景顺长城中证科技传媒通信150ETF,中证科技传媒通信150指数,20140819.0
512220.SH,5Y,2021-08-25,2026-08-24,1210,1.027823240589198,0.15198832621388347,-0.4156657963446475,5963.3845,景顺长城中证科技传媒通信150ETF,中证科技传媒通信150指数,20140819.0
512220.SH,10Y,2016-08-26,2026-08-24,2360,1.5546391752577318,0.09840083926179033,-0.4468610973801286,3830.8495000000003,景顺长城中证科技传媒通信150ETF,中证科技传媒通信150指数,20140819.0
512330.SH,1Y,2025-08-22,2026-08-24,242,0.4306969459671104,0.4282556076114059,-0.3318458417849899,5724.379,南方中证500信息技术指数ETF,中证500信息技术指数,20150720.0
512330.SH,3Y,2023-08-25,2026-08-24,725,1.1985559566787005,0.30054072075146343,-0.3340659340659341,4075.254,南方中证500信息技术指数ETF,中证500信息技术指数,20150720.0
512330.SH,5Y,2021-08-25,2026-08-24,1210,0.6111111111111112,0.10015397412161953,-0.5016447368421053,3468.715,南方中证500信息技术指数ETF,中证500信息技术指数,20150720.0
512330.SH,10Y,2016-08-26,2026-08-24,2425,1.0856164383561642,0.07632966338447367,-0.559593023255814,2990.261,南方中证500信息技术指数ETF,中证500信息技术指数,20150720.0
512660.SH,1Y,2025-08-22,2026-08-24,242,-0.14777169663799827,-0.14712165043659198,-0.3727705112960762,460001.845,国泰中证军工ETF,中证军工指数,20160808.0
512660.SH,3Y,2023-08-25,2026-08-24,725,0.09657947686116719,0.031230729676407387,-0.3727705112960761,366506.918,国泰中证军工ETF,中证军工指数,20160808.0
512660.SH,5Y,2021-08-25,2026-08-24,1210,-0.21185827910339838,-0.04653073146113218,-0.5094850948509485,415893.33400000003,国泰中证军工ETF,中证军工指数,20160808.0
512660.SH,10Y,2016-08-26,2026-08-24,2425,0.07707509881422925,0.007457669019136359,-0.5094850948509485,277735.779,国泰中证军工ETF,中证军工指数,20160808.0
512880.SH,1Y,2025-08-22,2026-08-24,242,-0.20254110612855014,-0.20168001886244968,-0.2596153846153848,2276348.9595,国泰中证全指证券公司ETF,中证全指证券公司指数,20160808.0
512880.SH,3Y,2023-08-25,2026-08-24,725,0.06913827655310611,0.022550082558947304,-0.282258064516129,1448231.854,国泰中证全指证券公司ETF,中证全指证券公司指数,20160808.0
512880.SH,5Y,2021-08-25,2026-08-24,1210,-0.06649168853893273,-0.013676128169315738,-0.4030327214684756,1266599.705,国泰中证全指证券公司ETF,中证全指证券公司指数,20160808.0
512880.SH,10Y,2016-08-26,2026-08-24,2425,0.018129770992366234,0.001799586600906622,-0.45446584938704027,965295.41,国泰中证全指证券公司ETF,中证全指证券公司指数,20160808.0
